jpg/image_03609.jpg,segmim_bin/segmim_03609.jpg,71
jpg/image_03612.jpg,segmim_bin/segmim_03612.jpg,71
jpg/image_03617.jpg,segmim_bin/segmim_03617.jpg,71
jpg/image_03619.jpg,segmim_bin/segmim_03619.jpg,71
jpg/image_01690.jpg,segmim_bin/segmim_01690.jpg,81
jpg/image_01691.jpg,segmim_bin/segmim_01691.jpg,81
jpg/image_01705.jpg,segmim_bin/segmim_01705.jpg,82
jpg/image_05931.jpg,segmim_bin/segmim_05931.jpg,67
jpg/image_05937.jpg,segmim_bin/segmim_05937.jpg,67
jpg/image_05947.jpg,segmim_bin/segmim_05947.jpg,67
jpg/image_05950.jpg,segmim_bin/segmim_05950.jpg,67
jpg/image_05951.jpg,segmim_bin/segmim_05951.jpg,67
jpg/image_04537.jpg,segmim_bin/segmim_04537.jpg,70
jpg/image_04538.jpg,segmim_bin/segmim_04538.jpg,70
jpg/image_00297.jpg,segmim_bin/segmim_00297.jpg,72
jpg/image_00319.jpg,segmim_bin/segmim_00319.jpg,72
jpg/image_06909.jpg,segmim_bin/segmim_06909.jpg,30
jpg/image_06910.jpg,segmim_bin/segmim_06910.jpg,30
jpg/image_06911.jpg,segmim_bin/segmim_06911.jpg,30
jpg/image_00695.jpg,segmim_bin/segmim_00695.jpg,88
jpg/image_02716.jpg,segmim_bin/segmim_02716.jpg,57
jpg/image_06430.jpg,segmim_bin/segmim_06430.jpg,8
jpg/image_06437.jpg,segmim_bin/segmim_06437.jpg,8
jpg/image_06438.jpg,segmim_bin/segmim_06438.jpg,8
jpg/image_06443.jpg,segmim_bin/segmim_06443.jpg,32
jpg/image_06449.jpg,segmim_bin/segmim_06449.jpg,32
jpg/image_06450.jpg,segmim_bin/segmim_06450.jpg,32
jpg/image_06453.jpg,segmim_bin/segmim_06453.jpg,32
jpg/image_02146.jpg,segmim_bin/segmim_02146.jpg,74
jpg/image_04058.jpg,segmim_bin/segmim_04058.jpg,11
jpg/image_04059.jpg,segmim_bin/segmim_04059.jpg,11
jpg/image_04066.jpg,segmim_bin/segmim_04066.jpg,11
jpg/image_05036.jpg,segmim_bin/segmim_05036.jpg,58
jpg/image_05040.jpg,segmim_bin/segmim_05040.jpg,58
jpg/image_05042.jpg,segmim_bin/segmim_05042.jpg,58
jpg/image_01101.jpg,segmim_bin/segmim_01101.jpg,45
jpg/image_03215.jpg,segmim_bin/segmim_03215.jpg,64
jpg/image_03229.jpg,segmim_bin/segmim_03229.jpg,64
jpg/image_05443.jpg,segmim_bin/segmim_05443.jpg,53
jpg/image_05461.jpg,segmim_bin/segmim_05461.jpg,86
jpg/image_07307.jpg,segmim_bin/segmim_07307.jpg,93
jpg/image_07315.jpg,segmim_bin/segmim_07315.jpg,93
jpg/image_07326.jpg,segmim_bin/segmim_07326.jpg,93
jpg/image_06213.jpg,segmim_bin/segmim_06213.jpg,48
jpg/image_06214.jpg,segmim_bin/segmim_06214.jpg,48
jpg/image_06218.jpg,segmim_bin/segmim_06218.jpg,48
jpg/image_06229.jpg,segmim_bin/segmim_06229.jpg,48
jpg/image_06232.jpg,segmim_bin/segmim_06232.jpg,48
jpg/image_06233.jpg,segmim_bin/segmim_06233.jpg,48
jpg/image_06237.jpg,segmim_bin/segmim_06237.jpg,48
jpg/image_04846.jpg,segmim_bin/segmim_04846.jpg,90
jpg/image_04851.jpg,segmim_bin/segmim_04851.jpg,90
jpg/image_04852.jpg,segmim_bin/segmim_04852.jpg,90
jpg/image_04855.jpg,segmim_bin/segmim_04855.jpg,90
jpg/image_02454.jpg,segmim_bin/segmim_02454.jpg,75
jpg/image_02458.jpg,segmim_bin/segmim_02458.jpg,75
jpg/image_03855.jpg,segmim_bin/segmim_03855.jpg,16
jpg/image_03860.jpg,segmim_bin/segmim_03860.jpg,16
jpg/image_03864.jpg,segmim_bin/segmim_03864.jpg,16
jpg/image_01417.jpg,segmim_bin/segmim_01417.jpg,50
jpg/image_06660.jpg,segmim_bin/segmim_06660.jpg,15
jpg/image_06663.jpg,segmim_bin/segmim_06663.jpg,15
jpg/image_06667.jpg,segmim_bin/segmim_06667.jpg,15
jpg/image_06674.jpg,segmim_bin/segmim_06674.jpg,15
jpg/image_00514.jpg,segmim_bin/segmim_00514.jpg,87
jpg/image_07983.jpg,segmim_bin/segmim_07983.jpg,100
jpg/image_07986.jpg,segmim_bin/segmim_07986.jpg,100
jpg/image_07988.jpg,segmim_bin/segmim_07988.jpg,100
jpg/image_01900.jpg,segmim_bin/segmim_01900.jpg,77
jpg/image_01904.jpg,segmim_bin/segmim_01904.jpg,77
jpg/image_00888.jpg,segmim_bin/segmim_00888.jpg,80
jpg/image_00893.jpg,segmim_bin/segmim_00893.jpg,80
jpg/image_04327.jpg,segmim_bin/segmim_04327.jpg,35
jpg/image_07107.jpg,segmim_bin/segmim_07107.jpg,9
jpg/image_07113.jpg,segmim_bin/segmim_07113.jpg,9
jpg/image_07117.jpg,segmim_bin/segmim_07117.jpg,9
jpg/image_07125.jpg,segmim_bin/segmim_07125.jpg,44
jpg/image_07130.jpg,segmim_bin/segmim_07130.jpg,44
jpg/image_07131.jpg,segmim_bin/segmim_07131.jpg,44
jpg/image_02884.jpg,segmim_bin/segmim_02884.jpg,85
jpg/image_02894.jpg,segmim_bin/segmim_02894.jpg,85
jpg/image_03441.jpg,segmim_bin/segmim_03441.jpg,22
jpg/image_03442.jpg,segmim_bin/segmim_03442.jpg,22
jpg/image_03446.jpg,segmim_bin/segmim_03446.jpg,22
jpg/image_03465.jpg,segmim_bin/segmim_03465.jpg,29
jpg/image_07560.jpg,segmim_bin/segmim_07560.jpg,94
jpg/image_07562.jpg,segmim_bin/segmim_07562.jpg,94
jpg/image_07564.jpg,segmim_bin/segmim_07564.jpg,94
jpg/image_07570.jpg,segmim_bin/segmim_07570.jpg,94
jpg/image_07571.jpg,segmim_bin/segmim_07571.jpg,94
jpg/image_05226.jpg,segmim_bin/segmim_05226.jpg,27
jpg/image_05230.jpg,segmim_bin/segmim_05230.jpg,27
jpg/image_05232.jpg,segmim_bin/segmim_05232.jpg,27
jpg/image_05234.jpg,segmim_bin/segmim_05234.jpg,27
jpg/image_05724.jpg,segmim_bin/segmim_05724.jpg,41
jpg/image_05727.jpg,segmim_bin/segmim_05727.jpg,41
jpg/image_05728.jpg,segmim_bin/segmim_05728.jpg,41
jpg/image_05731.jpg,segmim_bin/segmim_05731.jpg,41
jpg/image_04107.jpg,segmim_bin/segmim_04107.jpg,28
jpg/image_04223.jpg,segmim_bin/segmim_04223.jpg,51
jpg/image_04300.jpg,segmim_bin/segmim_04300.jpg,17
jpg/image_04428.jpg,segmim_bin/segmim_04428.jpg,89
jpg/image_04449.jpg,segmim_bin/segmim_04449.jpg,89
jpg/image_00177.jpg,segmim_bin/segmim_00177.jpg,76
jpg/image_04935.jpg,segmim_bin/segmim_04935.jpg,19
jpg/image_04938.jpg,segmim_bin/segmim_04938.jpg,19
jpg/image_04939.jpg,segmim_bin/segmim_04939.jpg,19
jpg/image_04945.jpg,segmim_bin/segmim_04945.jpg,19
jpg/image_04720.jpg,segmim_bin/segmim_04720.jpg,54
jpg/image_04723.jpg,segmim_bin/segmim_04723.jpg,54
jpg/image_04726.jpg,segmim_bin/segmim_04726.jpg,54
jpg/image_06058.jpg,segmim_bin/segmim_06058.jpg,13
jpg/image_06061.jpg,segmim_bin/segmim_06061.jpg,13
jpg/image_06066.jpg,segmim_bin/segmim_06066.jpg,13
jpg/image_04438.jpg,segmim_bin/segmim_04438.jpg,89
jpg/image_04443.jpg,segmim_bin/segmim_04443.jpg,89
jpg/image_03769.jpg,segmim_bin/segmim_03769.jpg,36
jpg/image_03783.jpg,segmim_bin/segmim_03783.jpg,36
jpg/image_03787.jpg,segmim_bin/segmim_03787.jpg,36
jpg/image_03791.jpg,segmim_bin/segmim_03791.jpg,36
jpg/image_04208.jpg,segmim_bin/segmim_04208.jpg,51
jpg/image_04215.jpg,segmim_bin/segmim_04215.jpg,51
jpg/image_06333.jpg,segmim_bin/segmim_06333.jpg,49
jpg/image_06335.jpg,segmim_bin/segmim_06335.jpg,49
jpg/image_02275.jpg,segmim_bin/segmim_02275.jpg,40
jpg/image_02279.jpg,segmim_bin/segmim_02279.jpg,40
jpg/image_01816.jpg,segmim_bin/segmim_01816.jpg,82
jpg/image_01819.jpg,segmim_bin/segmim_01819.jpg,82
jpg/image_01254.jpg,segmim_bin/segmim_01254.jpg,73
jpg/image_02598.jpg,segmim_bin/segmim_02598.jpg,83
jpg/image_02600.jpg,segmim_bin/segmim_02600.jpg,83
jpg/image_02601.jpg,segmim_bin/segmim_02601.jpg,83
jpg/image_02609.jpg,segmim_bin/segmim_02609.jpg,83
jpg/image_02614.jpg,segmim_bin/segmim_02614.jpg,83
jpg/image_07817.jpg,segmim_bin/segmim_07817.jpg,97
jpg/image_07823.jpg,segmim_bin/segmim_07823.jpg,97
jpg/image_07825.jpg,segmim_bin/segmim_07825.jpg,97
jpg/image_08078.jpg,segmim_bin/segmim_08078.jpg,66
jpg/image_08086.jpg,segmim_bin/segmim_08086.jpg,34
jpg/image_08088.jpg,segmim_bin/segmim_08088.jpg,34
jpg/image_08092.jpg,segmim_bin/segmim_08092.jpg,9
jpg/image_08094.jpg,segmim_bin/segmim_08094.jpg,9
jpg/image_08095.jpg,segmim_bin/segmim_08095.jpg,9
jpg/image_08096.jpg,segmim_bin/segmim_08096.jpg,9
jpg/image_08103.jpg,segmim_bin/segmim_08103.jpg,6
jpg/image_08105.jpg,segmim_bin/segmim_08105.jpg,5
jpg/image_01566.jpg,segmim_bin/segmim_01566.jpg,43
jpg/image_01582.jpg,segmim_bin/segmim_01582.jpg,43
jpg/image_03392.jpg,segmim_bin/segmim_03392.jpg,22
jpg/image_03395.jpg,segmim_bin/segmim_03395.jpg,22
jpg/image_06547.jpg,segmim_bin/segmim_06547.jpg,49
jpg/image_06549.jpg,segmim_bin/segmim_06549.jpg,49
jpg/image_06550.jpg,segmim_bin/segmim_06550.jpg,49
jpg/image_06556.jpg,segmim_bin/segmim_06556.jpg,49
jpg/image_06567.jpg,segmim_bin/segmim_06567.jpg,49
jpg/image_05616.jpg,segmim_bin/segmim_05616.jpg,31
jpg/image_05619.jpg,segmim_bin/segmim_05619.jpg,31
jpg/image_05625.jpg,segmim_bin/segmim_05625.jpg,31
jpg/image_05634.jpg,segmim_bin/segmim_05634.jpg,3
jpg/image_05636.jpg,segmim_bin/segmim_05636.jpg,3
jpg/image_05637.jpg,segmim_bin/segmim_05637.jpg,3
jpg/image_05638.jpg,segmim_bin/segmim_05638.jpg,3
jpg/image_07000.jpg,segmim_bin/segmim_07000.jpg,34
jpg/image_07010.jpg,segmim_bin/segmim_07010.jpg,38
jpg/image_07013.jpg,segmim_bin/segmim_07013.jpg,38
jpg/image_07019.jpg,segmim_bin/segmim_07019.jpg,38
jpg/image_07023.jpg,segmim_bin/segmim_07023.jpg,38
jpg/image_07025.jpg,segmim_bin/segmim_07025.jpg,38
jpg/image_07026.jpg,segmim_bin/segmim_07026.jpg,38
jpg/image_03518.jpg,segmim_bin/segmim_03518.jpg,29
jpg/image_03528.jpg,segmim_bin/segmim_03528.jpg,29
jpg/image_03538.jpg,segmim_bin/segmim_03538.jpg,29
jpg/image_05344.jpg,segmim_bin/segmim_05344.jpg,21
jpg/image_05345.jpg,segmim_bin/segmim_05345.jpg,21
jpg/image_05351.jpg,segmim_bin/segmim_05351.jpg,21
jpg/image_05362.jpg,segmim_bin/segmim_05362.jpg,21
jpg/image_05823.jpg,segmim_bin/segmim_05823.jpg,37
jpg/image_05828.jpg,segmim_bin/segmim_05828.jpg,37
jpg/image_05832.jpg,segmim_bin/segmim_05832.jpg,37
jpg/image_05839.jpg,segmim_bin/segmim_05839.jpg,37
jpg/image_05124.jpg,segmim_bin/segmim_05124.jpg,1
jpg/image_05137.jpg,segmim_bin/segmim_05137.jpg,1
jpg/image_06803.jpg,segmim_bin/segmim_06803.jpg,20
jpg/image_06804.jpg,segmim_bin/segmim_06804.jpg,20
jpg/image_06812.jpg,segmim_bin/segmim_06812.jpg,20
jpg/image_06816.jpg,segmim_bin/segmim_06816.jpg,23
jpg/image_00442.jpg,segmim_bin/segmim_00442.jpg,72
jpg/image_00444.jpg,segmim_bin/segmim_00444.jpg,72
jpg/image_00274.jpg,segmim_bin/segmim_00274.jpg,72
jpg/image_03955.jpg,segmim_bin/segmim_03955.jpg,50
jpg/image_03967.jpg,segmim_bin/segmim_03967.jpg,50
jpg/image_02812.jpg,segmim_bin/segmim_02812.jpg,55
jpg/image_02191.jpg,segmim_bin/segmim_02191.jpg,40
jpg/image_02400.jpg,segmim_bin/segmim_02400.jpg,42
jpg/image_06133.jpg,segmim_bin/segmim_06133.jpg,63
jpg/image_06142.jpg,segmim_bin/segmim_06142.jpg,63
jpg/image_06144.jpg,segmim_bin/segmim_06144.jpg,63
jpg/image_06161.jpg,segmim_bin/segmim_06161.jpg,18
jpg/image_06093.jpg,segmim_bin/segmim_06093.jpg,13
jpg/image_06368.jpg,segmim_bin/segmim_06368.jpg,14
jpg/image_06398.jpg,segmim_bin/segmim_06398.jpg,8
jpg/image_03012.jpg,segmim_bin/segmim_03012.jpg,59
jpg/image_07218.jpg,segmim_bin/segmim_07218.jpg,6
jpg/image_07221.jpg,segmim_bin/segmim_07221.jpg,6
jpg/image_07225.jpg,segmim_bin/segmim_07225.jpg,6
jpg/image_07226.jpg,segmim_bin/segmim_07226.jpg,6
jpg/image_07229.jpg,segmim_bin/segmim_07229.jpg,6
jpg/image_07233.jpg,segmim_bin/segmim_07233.jpg,6
jpg/image_07235.jpg,segmim_bin/segmim_07235.jpg,56
jpg/image_07237.jpg,segmim_bin/segmim_07237.jpg,56
jpg/image_02357.jpg,segmim_bin/segmim_02357.jpg,42
jpg/image_02373.jpg,segmim_bin/segmim_02373.jpg,42
jpg/image_07908.jpg,segmim_bin/segmim_07908.jpg,99
jpg/image_07910.jpg,segmim_bin/segmim_07910.jpg,99
jpg/image_07913.jpg,segmim_bin/segmim_07913.jpg,99
jpg/image_07914.jpg,segmim_bin/segmim_07914.jpg,99
jpg/image_07918.jpg,segmim_bin/segmim_07918.jpg,99
jpg/image_04614.jpg,segmim_bin/segmim_04614.jpg,39
jpg/image_04625.jpg,segmim_bin/segmim_04625.jpg,47
jpg/image_00116.jpg,segmim_bin/segmim_00116.jpg,76
jpg/image_00118.jpg,segmim_bin/segmim_00118.jpg,76
jpg/image_04776.jpg,segmim_bin/segmim_04776.jpg,84
jpg/image_04779.jpg,segmim_bin/segmim_04779.jpg,84
jpg/image_04797.jpg,segmim_bin/segmim_04797.jpg,84
jpg/image_07662.jpg,segmim_bin/segmim_07662.jpg,95
jpg/image_01176.jpg,segmim_bin/segmim_01176.jpg,73
jpg/image_01759.jpg,segmim_bin/segmim_01759.jpg,82
jpg/image_01760.jpg,segmim_bin/segmim_01760.jpg,82
jpg/image_01966.jpg,segmim_bin/segmim_01966.jpg,79
jpg/image_01972.jpg,segmim_bin/segmim_01972.jpg,79
jpg/image_01973.jpg,segmim_bin/segmim_01973.jpg,79
jpg/image_01975.jpg,segmim_bin/segmim_01975.jpg,79
jpg/image_02963.jpg,segmim_bin/segmim_02963.jpg,59
jpg/image_02981.jpg,segmim_bin/segmim_02981.jpg,59
jpg/image_03150.jpg,segmim_bin/segmim_03150.jpg,10
jpg/image_03157.jpg,segmim_bin/segmim_03157.jpg,10
jpg/image_05538.jpg,segmim_bin/segmim_05538.jpg,65
jpg/image_04127.jpg,segmim_bin/segmim_04127.jpg,28
jpg/image_04134.jpg,segmim_bin/segmim_04134.jpg,28
jpg/image_04139.jpg,segmim_bin/segmim_04139.jpg,28
jpg/image_04142.jpg,segmim_bin/segmim_04142.jpg,28
jpg/image_03681.jpg,segmim_bin/segmim_03681.jpg,52
jpg/image_03691.jpg,segmim_bin/segmim_03691.jpg,52
jpg/image_04358.jpg,segmim_bin/segmim_04358.jpg,35
jpg/image_04369.jpg,segmim_bin/segmim_04369.jpg,35
jpg/image_05289.jpg,segmim_bin/segmim_05289.jpg,69
jpg/image_05292.jpg,segmim_bin/segmim_05292.jpg,69
jpg/image_05306.jpg,segmim_bin/segmim_05306.jpg,69
jpg/image_05309.jpg,segmim_bin/segmim_05309.jpg,69
jpg/image_05310.jpg,segmim_bin/segmim_05310.jpg,69
jpg/image_05997.jpg,segmim_bin/segmim_05997.jpg,68
jpg/image_06000.jpg,segmim_bin/segmim_06000.jpg,68
jpg/image_06002.jpg,segmim_bin/segmim_06002.jpg,68
jpg/image_06010.jpg,segmim_bin/segmim_06010.jpg,68
jpg/image_06013.jpg,segmim_bin/segmim_06013.jpg,92
jpg/image_06016.jpg,segmim_bin/segmim_06016.jpg,92
jpg/image_06017.jpg,segmim_bin/segmim_06017.jpg,92
jpg/image_07371.jpg,segmim_bin/segmim_07371.jpg,93
jpg/image_07389.jpg,segmim_bin/segmim_07389.jpg,93
jpg/image_04252.jpg,segmim_bin/segmim_04252.jpg,17
jpg/image_06487.jpg,segmim_bin/segmim_06487.jpg,25
jpg/image_06491.jpg,segmim_bin/segmim_06491.jpg,25
jpg/image_06494.jpg,segmim_bin/segmim_06494.jpg,25
jpg/image_03283.jpg,segmim_bin/segmim_03283.jpg,64
jpg/image_03294.jpg,segmim_bin/segmim_03294.jpg,7
jpg/image_08148.jpg,segmim_bin/segmim_08148.jpg,56
jpg/image_08154.jpg,segmim_bin/segmim_08154.jpg,61
jpg/image_08161.jpg,segmim_bin/segmim_08161.jpg,61
jpg/image_08164.jpg,segmim_bin/segmim_08164.jpg,61
jpg/image_02197.jpg,segmim_bin/segmim_02197.jpg,40
jpg/image_02205.jpg,segmim_bin/segmim_02205.jpg,40
jpg/image_02209.jpg,segmim_bin/segmim_02209.jpg,40
jpg/image_02554.jpg,segmim_bin/segmim_02554.jpg,83
jpg/image_06736.jpg,segmim_bin/segmim_06736.jpg,0
jpg/image_06741.jpg,segmim_bin/segmim_06741.jpg,0
jpg/image_06744.jpg,segmim_bin/segmim_06744.jpg,0
jpg/image_06750.jpg,segmim_bin/segmim_06750.jpg,0
jpg/image_06755.jpg,segmim_bin/segmim_06755.jpg,0
jpg/image_06762.jpg,segmim_bin/segmim_06762.jpg,0
jpg/image_06765.jpg,segmim_bin/segmim_06765.jpg,0
jpg/image_01627.jpg,segmim_bin/segmim_01627.jpg,81
jpg/image_01639.jpg,segmim_bin/segmim_01639.jpg,81
jpg/image_01640.jpg,segmim_bin/segmim_01640.jpg,81
jpg/image_00848.jpg,segmim_bin/segmim_00848.jpg,80
jpg/image_06375.jpg,segmim_bin/segmim_06375.jpg,14
jpg/image_06384.jpg,segmim_bin/segmim_06384.jpg,14
jpg/image_06386.jpg,segmim_bin/segmim_06386.jpg,14
jpg/image_06387.jpg,segmim_bin/segmim_06387.jpg,14
jpg/image_07059.jpg,segmim_bin/segmim_07059.jpg,66
jpg/image_07061.jpg,segmim_bin/segmim_07061.jpg,66
jpg/image_07063.jpg,segmim_bin/segmim_07063.jpg,66
jpg/image_07065.jpg,segmim_bin/segmim_07065.jpg,66
jpg/image_07069.jpg,segmim_bin/segmim_07069.jpg,66
jpg/image_00945.jpg,segmim_bin/segmim_00945.jpg,80
jpg/image_05164.jpg,segmim_bin/segmim_05164.jpg,4
jpg/image_05167.jpg,segmim_bin/segmim_05167.jpg,4
jpg/image_05174.jpg,segmim_bin/segmim_05174.jpg,4
jpg/image_05182.jpg,segmim_bin/segmim_05182.jpg,4
jpg/image_05186.jpg,segmim_bin/segmim_05186.jpg,4
jpg/image_05187.jpg,segmim_bin/segmim_05187.jpg,4
jpg/image_05191.jpg,segmim_bin/segmim_05191.jpg,4
jpg/image_05389.jpg,segmim_bin/segmim_05389.jpg,21
jpg/image_05396.jpg,segmim_bin/segmim_05396.jpg,21
jpg/image_05400.jpg,segmim_bin/segmim_05400.jpg,53
jpg/image_05407.jpg,segmim_bin/segmim_05407.jpg,53
jpg/image_07274.jpg,segmim_bin/segmim_07274.jpg,61
jpg/image_07279.jpg,segmim_bin/segmim_07279.jpg,61
jpg/image_04480.jpg,segmim_bin/segmim_04480.jpg,89
jpg/image_04488.jpg,segmim_bin/segmim_04488.jpg,70
jpg/image_04491.jpg,segmim_bin/segmim_04491.jpg,70
jpg/image_04500.jpg,segmim_bin/segmim_04500.jpg,70
jpg/image_00737.jpg,segmim_bin/segmim_00737.jpg,88
jpg/image_06601.jpg,segmim_bin/segmim_06601.jpg,24
jpg/image_06605.jpg,segmim_bin/segmim_06605.jpg,24
jpg/image_06614.jpg,segmim_bin/segmim_06614.jpg,2
jpg/image_06616.jpg,segmim_bin/segmim_06616.jpg,2
jpg/image_06618.jpg,segmim_bin/segmim_06618.jpg,2
jpg/image_05071.jpg,segmim_bin/segmim_05071.jpg,58
jpg/image_05074.jpg,segmim_bin/segmim_05074.jpg,58
jpg/image_05081.jpg,segmim_bin/segmim_05081.jpg,58
jpg/image_05083.jpg,segmim_bin/segmim_05083.jpg,58
jpg/image_05091.jpg,segmim_bin/segmim_05091.jpg,1
jpg/image_07771.jpg,segmim_bin/segmim_07771.jpg,97
jpg/image_07781.jpg,segmim_bin/segmim_07781.jpg,97
jpg/image_06273.jpg,segmim_bin/segmim_06273.jpg,60
jpg/image_06275.jpg,segmim_bin/segmim_06275.jpg,60
jpg/image_06280.jpg,segmim_bin/segmim_06280.jpg,60
jpg/image_06285.jpg,segmim_bin/segmim_06285.jpg,60
jpg/image_04970.jpg,segmim_bin/segmim_04970.jpg,46
jpg/image_04975.jpg,segmim_bin/segmim_04975.jpg,46
jpg/image_04978.jpg,segmim_bin/segmim_04978.jpg,46
jpg/image_04986.jpg,segmim_bin/segmim_04986.jpg,46
jpg/image_04993.jpg,segmim_bin/segmim_04993.jpg,46
jpg/image_02671.jpg,segmim_bin/segmim_02671.jpg,57
jpg/image_02675.jpg,segmim_bin/segmim_02675.jpg,57
jpg/image_03579.jpg,segmim_bin/segmim_03579.jpg,71
jpg/image_03582.jpg,segmim_bin/segmim_03582.jpg,71
jpg/image_02307.jpg,segmim_bin/segmim_02307.jpg,40
jpg/image_02310.jpg,segmim_bin/segmim_02310.jpg,40
jpg/image_04009.jpg,segmim_bin/segmim_04009.jpg,11
jpg/image_04019.jpg,segmim_bin/segmim_04019.jpg,11
jpg/image_04020.jpg,segmim_bin/segmim_04020.jpg,11
jpg/image_04027.jpg,segmim_bin/segmim_04027.jpg,11
jpg/image_04030.jpg,segmim_bin/segmim_04030.jpg,11
jpg/image_01852.jpg,segmim_bin/segmim_01852.jpg,77
jpg/image_01855.jpg,segmim_bin/segmim_01855.jpg,77
jpg/image_01052.jpg,segmim_bin/segmim_01052.jpg,45
jpg/image_07165.jpg,segmim_bin/segmim_07165.jpg,5
jpg/image_07169.jpg,segmim_bin/segmim_07169.jpg,5
jpg/image_07178.jpg,segmim_bin/segmim_07178.jpg,5
jpg/image_08026.jpg,segmim_bin/segmim_08026.jpg,101
jpg/image_08033.jpg,segmim_bin/segmim_08033.jpg,101
jpg/image_08036.jpg,segmim_bin/segmim_08036.jpg,101
jpg/image_08041.jpg,segmim_bin/segmim_08041.jpg,101
jpg/image_05888.jpg,segmim_bin/segmim_05888.jpg,62
jpg/image_05891.jpg,segmim_bin/segmim_05891.jpg,62
jpg/image_05893.jpg,segmim_bin/segmim_05893.jpg,62
jpg/image_05896.jpg,segmim_bin/segmim_05896.jpg,62
jpg/image_05897.jpg,segmim_bin/segmim_05897.jpg,62
jpg/image_05900.jpg,segmim_bin/segmim_05900.jpg,62
jpg/image_05906.jpg,segmim_bin/segmim_05906.jpg,67
jpg/image_07604.jpg,segmim_bin/segmim_07604.jpg,95
jpg/image_07617.jpg,segmim_bin/segmim_07617.jpg,95
jpg/image_07619.jpg,segmim_bin/segmim_07619.jpg,95
jpg/image_07628.jpg,segmim_bin/segmim_07628.jpg,95
jpg/image_05670.jpg,segmim_bin/segmim_05670.jpg,3
jpg/image_05685.jpg,segmim_bin/segmim_05685.jpg,41
jpg/image_05689.jpg,segmim_bin/segmim_05689.jpg,41
jpg/image_05779.jpg,segmim_bin/segmim_05779.jpg,12
jpg/image_05783.jpg,segmim_bin/segmim_05783.jpg,12
jpg/image_05786.jpg,segmim_bin/segmim_05786.jpg,12
jpg/image_05787.jpg,segmim_bin/segmim_05787.jpg,12
jpg/image_07518.jpg,segmim_bin/segmim_07518.jpg,94
jpg/image_07528.jpg,segmim_bin/segmim_07528.jpg,94
jpg/image_07215.jpg,segmim_bin/segmim_07215.jpg,6
jpg/image_07448.jpg,segmim_bin/segmim_07448.jpg,93
jpg/image_07630.jpg,segmim_bin/segmim_07630.jpg,95
jpg/image_06855.jpg,segmim_bin/segmim_06855.jpg,26
jpg/image_06856.jpg,segmim_bin/segmim_06856.jpg,26
jpg/image_06857.jpg,segmim_bin/segmim_06857.jpg,26
jpg/image_06861.jpg,segmim_bin/segmim_06861.jpg,26
jpg/image_06869.jpg,segmim_bin/segmim_06869.jpg,26
jpg/image_06870.jpg,segmim_bin/segmim_06870.jpg,26
jpg/image_06872.jpg,segmim_bin/segmim_06872.jpg,26
jpg/image_02748.jpg,segmim_bin/segmim_02748.jpg,57
jpg/image_02761.jpg,segmim_bin/segmim_02761.jpg,55
jpg/image_02762.jpg,segmim_bin/segmim_02762.jpg,55
jpg/image_03093.jpg,segmim_bin/segmim_03093.jpg,91
jpg/image_03101.jpg,segmim_bin/segmim_03101.jpg,10
jpg/image_03102.jpg,segmim_bin/segmim_03102.jpg,10
jpg/image_03822.jpg,segmim_bin/segmim_03822.jpg,36
jpg/image_03835.jpg,segmim_bin/segmim_03835.jpg,16
jpg/image_03843.jpg,segmim_bin/segmim_03843.jpg,16
jpg/image_03908.jpg,segmim_bin/segmim_03908.jpg,16
jpg/image_01213.jpg,segmim_bin/segmim_01213.jpg,73
jpg/image_01221.jpg,segmim_bin/segmim_01221.jpg,73
jpg/image_01234.jpg,segmim_bin/segmim_01234.jpg,73
jpg/image_01236.jpg,segmim_bin/segmim_01236.jpg,73
jpg/image_04660.jpg,segmim_bin/segmim_04660.jpg,47
jpg/image_04663.jpg,segmim_bin/segmim_04663.jpg,47
jpg/image_04672.jpg,segmim_bin/segmim_04672.jpg,47
jpg/image_03404.jpg,segmim_bin/segmim_03404.jpg,22
jpg/image_03114.jpg,segmim_bin/segmim_03114.jpg,10
jpg/image_03183.jpg,segmim_bin/segmim_03183.jpg,64
jpg/image_03399.jpg,segmim_bin/segmim_03399.jpg,22
jpg/image_03440.jpg,segmim_bin/segmim_03440.jpg,22
jpg/image_03473.jpg,segmim_bin/segmim_03473.jpg,29
jpg/image_03510.jpg,segmim_bin/segmim_03510.jpg,29
jpg/image_06946.jpg,segmim_bin/segmim_06946.jpg,33
jpg/image_06947.jpg,segmim_bin/segmim_06947.jpg,33
jpg/image_06950.jpg,segmim_bin/segmim_06950.jpg,33
jpg/image_06956.jpg,segmim_bin/segmim_06956.jpg,33
jpg/image_06962.jpg,segmim_bin/segmim_06962.jpg,33
jpg/image_06966.jpg,segmim_bin/segmim_06966.jpg,33
jpg/image_00401.jpg,segmim_bin/segmim_00401.jpg,72
jpg/image_00411.jpg,segmim_bin/segmim_00411.jpg,72
jpg/image_04885.jpg,segmim_bin/segmim_04885.jpg,90
jpg/image_04897.jpg,segmim_bin/segmim_04897.jpg,19
jpg/image_02006.jpg,segmim_bin/segmim_02006.jpg,79
jpg/image_02014.jpg,segmim_bin/segmim_02014.jpg,79
jpg/image_02848.jpg,segmim_bin/segmim_02848.jpg,55
jpg/image_02852.jpg,segmim_bin/segmim_02852.jpg,55
jpg/image_00564.jpg,segmim_bin/segmim_00564.jpg,87
jpg/image_00576.jpg,segmim_bin/segmim_00576.jpg,87
jpg/image_07863.jpg,segmim_bin/segmim_07863.jpg,98
jpg/image_07868.jpg,segmim_bin/segmim_07868.jpg,98
jpg/image_07871.jpg,segmim_bin/segmim_07871.jpg,98
jpg/image_07872.jpg,segmim_bin/segmim_07872.jpg,98
jpg/image_07876.jpg,segmim_bin/segmim_07876.jpg,98
jpg/image_00656.jpg,segmim_bin/segmim_00656.jpg,88
jpg/image_00216.jpg,segmim_bin/segmim_00216.jpg,76
jpg/image_03719.jpg,segmim_bin/segmim_03719.jpg,52
jpg/image_03722.jpg,segmim_bin/segmim_03722.jpg,52
jpg/image_03725.jpg,segmim_bin/segmim_03725.jpg,52
jpg/image_03729.jpg,segmim_bin/segmim_03729.jpg,52
jpg/image_03730.jpg,segmim_bin/segmim_03730.jpg,52
jpg/image_07952.jpg,segmim_bin/segmim_07952.jpg,100
jpg/image_07954.jpg,segmim_bin/segmim_07954.jpg,100
jpg/image_06101.jpg,segmim_bin/segmim_06101.jpg,63
jpg/image_06105.jpg,segmim_bin/segmim_06105.jpg,63
jpg/image_06169.jpg,segmim_bin/segmim_06169.jpg,18
jpg/image_06170.jpg,segmim_bin/segmim_06170.jpg,18
jpg/image_06175.jpg,segmim_bin/segmim_06175.jpg,18
jpg/image_06179.jpg,segmim_bin/segmim_06179.jpg,18
jpg/image_06180.jpg,segmim_bin/segmim_06180.jpg,18
jpg/image_06181.jpg,segmim_bin/segmim_06181.jpg,18
jpg/image_06186.jpg,segmim_bin/segmim_06186.jpg,18
jpg/image_03333.jpg,segmim_bin/segmim_03333.jpg,7
jpg/image_03336.jpg,segmim_bin/segmim_03336.jpg,7
jpg/image_00912.jpg,segmim_bin/segmim_00912.jpg,80
jpg/image_04395.jpg,segmim_bin/segmim_04395.jpg,35
jpg/image_04400.jpg,segmim_bin/segmim_04400.jpg,35
jpg/image_01525.jpg,segmim_bin/segmim_01525.jpg,43
jpg/image_01528.jpg,segmim_bin/segmim_01528.jpg,43
jpg/image_01533.jpg,segmim_bin/segmim_01533.jpg,43
jpg/image_01534.jpg,segmim_bin/segmim_01534.jpg,43
jpg/image_04189.jpg,segmim_bin/segmim_04189.jpg,51
jpg/image_04563.jpg,segmim_bin/segmim_04563.jpg,39
jpg/image_04566.jpg,segmim_bin/segmim_04566.jpg,39
jpg/image_04572.jpg,segmim_bin/segmim_04572.jpg,39
jpg/image_04573.jpg,segmim_bin/segmim_04573.jpg,39
jpg/image_04582.jpg,segmim_bin/segmim_04582.jpg,39
jpg/image_04583.jpg,segmim_bin/segmim_04583.jpg,39
jpg/image_05498.jpg,segmim_bin/segmim_05498.jpg,86
jpg/image_05510.jpg,segmim_bin/segmim_05510.jpg,86
jpg/image_05517.jpg,segmim_bin/segmim_05517.jpg,86
jpg/image_05523.jpg,segmim_bin/segmim_05523.jpg,65
jpg/image_05573.jpg,segmim_bin/segmim_05573.jpg,65
jpg/image_05576.jpg,segmim_bin/segmim_05576.jpg,65
jpg/image_05581.jpg,segmim_bin/segmim_05581.jpg,65
jpg/image_05585.jpg,segmim_bin/segmim_05585.jpg,31
jpg/image_05588.jpg,segmim_bin/segmim_05588.jpg,31
jpg/image_06768.jpg,segmim_bin/segmim_06768.jpg,0
jpg/image_06771.jpg,segmim_bin/segmim_06771.jpg,0
jpg/image_06781.jpg,segmim_bin/segmim_06781.jpg,20
jpg/image_08108.jpg,segmim_bin/segmim_08108.jpg,5
jpg/image_08109.jpg,segmim_bin/segmim_08109.jpg,5
jpg/image_08112.jpg,segmim_bin/segmim_08112.jpg,92
jpg/image_08115.jpg,segmim_bin/segmim_08115.jpg,92
jpg/image_08118.jpg,segmim_bin/segmim_08118.jpg,56
jpg/image_08122.jpg,segmim_bin/segmim_08122.jpg,56
jpg/image_08126.jpg,segmim_bin/segmim_08126.jpg,56
jpg/image_03253.jpg,segmim_bin/segmim_03253.jpg,64
jpg/image_03256.jpg,segmim_bin/segmim_03256.jpg,64
jpg/image_03262.jpg,segmim_bin/segmim_03262.jpg,64
jpg/image_03269.jpg,segmim_bin/segmim_03269.jpg,64
jpg/image_03270.jpg,segmim_bin/segmim_03270.jpg,64
jpg/image_00485.jpg,segmim_bin/segmim_00485.jpg,87
jpg/image_05964.jpg,segmim_bin/segmim_05964.jpg,68
jpg/image_05972.jpg,segmim_bin/segmim_05972.jpg,68
jpg/image_05974.jpg,segmim_bin/segmim_05974.jpg,68
jpg/image_06697.jpg,segmim_bin/segmim_06697.jpg,78
jpg/image_06698.jpg,segmim_bin/segmim_06698.jpg,78
jpg/image_06699.jpg,segmim_bin/segmim_06699.jpg,78
jpg/image_06700.jpg,segmim_bin/segmim_06700.jpg,78
jpg/image_06704.jpg,segmim_bin/segmim_06704.jpg,78
jpg/image_06710.jpg,segmim_bin/segmim_06710.jpg,78
jpg/image_02927.jpg,segmim_bin/segmim_02927.jpg,59
jpg/image_02404.jpg,segmim_bin/segmim_02404.jpg,42
jpg/image_02408.jpg,segmim_bin/segmim_02408.jpg,42
jpg/image_02420.jpg,segmim_bin/segmim_02420.jpg,42
jpg/image_05259.jpg,segmim_bin/segmim_05259.jpg,27
jpg/image_05260.jpg,segmim_bin/segmim_05260.jpg,27
jpg/image_05261.jpg,segmim_bin/segmim_05261.jpg,27
jpg/image_05272.jpg,segmim_bin/segmim_05272.jpg,27
jpg/image_05279.jpg,segmim_bin/segmim_05279.jpg,69
jpg/image_01304.jpg,segmim_bin/segmim_01304.jpg,73
jpg/image_04807.jpg,segmim_bin/segmim_04807.jpg,84
jpg/image_04814.jpg,segmim_bin/segmim_04814.jpg,84
jpg/image_04827.jpg,segmim_bin/segmim_04827.jpg,84
jpg/image_04829.jpg,segmim_bin/segmim_04829.jpg,90
jpg/image_04836.jpg,segmim_bin/segmim_04836.jpg,90
jpg/image_02500.jpg,segmim_bin/segmim_02500.jpg,75
jpg/image_00126.jpg,segmim_bin/segmim_00126.jpg,76
jpg/image_01932.jpg,segmim_bin/segmim_01932.jpg,77
jpg/image_01942.jpg,segmim_bin/segmim_01942.jpg,77
jpg/image_04735.jpg,segmim_bin/segmim_04735.jpg,54
jpg/image_04740.jpg,segmim_bin/segmim_04740.jpg,54
jpg/image_04741.jpg,segmim_bin/segmim_04741.jpg,54
jpg/image_04746.jpg,segmim_bin/segmim_04746.jpg,54
jpg/image_03484.jpg,segmim_bin/segmim_03484.jpg,29
jpg/image_03488.jpg,segmim_bin/segmim_03488.jpg,29
jpg/image_03489.jpg,segmim_bin/segmim_03489.jpg,29
jpg/image_06459.jpg,segmim_bin/segmim_06459.jpg,32
jpg/image_06460.jpg,segmim_bin/segmim_06460.jpg,32
jpg/image_06468.jpg,segmim_bin/segmim_06468.jpg,32
jpg/image_06474.jpg,segmim_bin/segmim_06474.jpg,32
jpg/image_06480.jpg,segmim_bin/segmim_06480.jpg,32
jpg/image_06481.jpg,segmim_bin/segmim_06481.jpg,32
jpg/image_07634.jpg,segmim_bin/segmim_07634.jpg,95
jpg/image_07653.jpg,segmim_bin/segmim_07653.jpg,95
jpg/image_01448.jpg,segmim_bin/segmim_01448.jpg,50
jpg/image_02231.jpg,segmim_bin/segmim_02231.jpg,40
jpg/image_01385.jpg,segmim_bin/segmim_01385.jpg,50
jpg/image_05412.jpg,segmim_bin/segmim_05412.jpg,53
jpg/image_05419.jpg,segmim_bin/segmim_05419.jpg,53
jpg/image_05425.jpg,segmim_bin/segmim_05425.jpg,53
jpg/image_05428.jpg,segmim_bin/segmim_05428.jpg,53
jpg/image_05430.jpg,segmim_bin/segmim_05430.jpg,53
jpg/image_05431.jpg,segmim_bin/segmim_05431.jpg,53
jpg/image_05437.jpg,segmim_bin/segmim_05437.jpg,53
jpg/image_04095.jpg,segmim_bin/segmim_04095.jpg,28
jpg/image_04103.jpg,segmim_bin/segmim_04103.jpg,28
jpg/image_04105.jpg,segmim_bin/segmim_04105.jpg,28
jpg/image_06027.jpg,segmim_bin/segmim_06027.jpg,92
jpg/image_06033.jpg,segmim_bin/segmim_06033.jpg,92
jpg/image_06038.jpg,segmim_bin/segmim_06038.jpg,92
jpg/image_06040.jpg,segmim_bin/segmim_06040.jpg,92
jpg/image_06045.jpg,segmim_bin/segmim_06045.jpg,92
jpg/image_06052.jpg,segmim_bin/segmim_06052.jpg,13
jpg/image_06053.jpg,segmim_bin/segmim_06053.jpg,13
jpg/image_05794.jpg,segmim_bin/segmim_05794.jpg,37
jpg/image_05796.jpg,segmim_bin/segmim_05796.jpg,37
jpg/image_05798.jpg,segmim_bin/segmim_05798.jpg,37
jpg/image_05809.jpg,segmim_bin/segmim_05809.jpg,37
jpg/image_05815.jpg,segmim_bin/segmim_05815.jpg,37
jpg/image_05819.jpg,segmim_bin/segmim_05819.jpg,37
jpg/image_05321.jpg,segmim_bin/segmim_05321.jpg,69
jpg/image_05330.jpg,segmim_bin/segmim_05330.jpg,69
jpg/image_05333.jpg,segmim_bin/segmim_05333.jpg,69
jpg/image_05336.jpg,segmim_bin/segmim_05336.jpg,69
jpg/image_03651.jpg,segmim_bin/segmim_03651.jpg,52
jpg/image_03666.jpg,segmim_bin/segmim_03666.jpg,52
jpg/image_03667.jpg,segmim_bin/segmim_03667.jpg,52
jpg/image_01654.jpg,segmim_bin/segmim_01654.jpg,81
jpg/image_01655.jpg,segmim_bin/segmim_01655.jpg,81
jpg/image_02166.jpg,segmim_bin/segmim_02166.jpg,74
jpg/image_02182.jpg,segmim_bin/segmim_02182.jpg,74
jpg/image_02183.jpg,segmim_bin/segmim_02183.jpg,74
jpg/image_02184.jpg,segmim_bin/segmim_02184.jpg,74
jpg/image_03058.jpg,segmim_bin/segmim_03058.jpg,91
jpg/image_03069.jpg,segmim_bin/segmim_03069.jpg,91
jpg/image_03072.jpg,segmim_bin/segmim_03072.jpg,91
jpg/image_03080.jpg,segmim_bin/segmim_03080.jpg,91
jpg/image_01715.jpg,segmim_bin/segmim_01715.jpg,82
jpg/image_01716.jpg,segmim_bin/segmim_01716.jpg,82
jpg/image_02643.jpg,segmim_bin/segmim_02643.jpg,57
jpg/image_02649.jpg,segmim_bin/segmim_02649.jpg,57
jpg/image_07690.jpg,segmim_bin/segmim_07690.jpg,96
jpg/image_02565.jpg,segmim_bin/segmim_02565.jpg,83
jpg/image_02573.jpg,segmim_bin/segmim_02573.jpg,83
jpg/image_02578.jpg,segmim_bin/segmim_02578.jpg,83
jpg/image_02583.jpg,segmim_bin/segmim_02583.jpg,83
jpg/image_04279.jpg,segmim_bin/segmim_04279.jpg,17
jpg/image_04284.jpg,segmim_bin/segmim_04284.jpg,17
jpg/image_04287.jpg,segmim_bin/segmim_04287.jpg,17
jpg/image_04289.jpg,segmim_bin/segmim_04289.jpg,17
jpg/image_04297.jpg,segmim_bin/segmim_04297.jpg,17
jpg/image_04298.jpg,segmim_bin/segmim_04298.jpg,17
jpg/image_04299.jpg,segmim_bin/segmim_04299.jpg,17
jpg/image_01587.jpg,segmim_bin/segmim_01587.jpg,81
jpg/image_01602.jpg,segmim_bin/segmim_01602.jpg,81
jpg/image_05194.jpg,segmim_bin/segmim_05194.jpg,4
jpg/image_05199.jpg,segmim_bin/segmim_05199.jpg,4
jpg/image_07030.jpg,segmim_bin/segmim_07030.jpg,38
jpg/image_07039.jpg,segmim_bin/segmim_07039.jpg,38
jpg/image_07043.jpg,segmim_bin/segmim_07043.jpg,38
jpg/image_07045.jpg,segmim_bin/segmim_07045.jpg,38
jpg/image_07052.jpg,segmim_bin/segmim_07052.jpg,66
jpg/image_01122.jpg,segmim_bin/segmim_01122.jpg,45
jpg/image_01126.jpg,segmim_bin/segmim_01126.jpg,45
jpg/image_01131.jpg,segmim_bin/segmim_01131.jpg,45
jpg/image_08166.jpg,segmim_bin/segmim_08166.jpg,61
jpg/image_08167.jpg,segmim_bin/segmim_08167.jpg,61
jpg/image_08175.jpg,segmim_bin/segmim_08175.jpg,61
jpg/image_08177.jpg,segmim_bin/segmim_08177.jpg,61
jpg/image_03935.jpg,segmim_bin/segmim_03935.jpg,50
jpg/image_06828.jpg,segmim_bin/segmim_06828.jpg,23
jpg/image_06831.jpg,segmim_bin/segmim_06831.jpg,23
jpg/image_06832.jpg,segmim_bin/segmim_06832.jpg,23
jpg/image_06833.jpg,segmim_bin/segmim_06833.jpg,23
jpg/image_06839.jpg,segmim_bin/segmim_06839.jpg,23
jpg/image_06842.jpg,segmim_bin/segmim_06842.jpg,23
jpg/image_06845.jpg,segmim_bin/segmim_06845.jpg,23
jpg/image_00587.jpg,segmim_bin/segmim_00587.jpg,87
jpg/image_00590.jpg,segmim_bin/segmim_00590.jpg,87
jpg/image_01019.jpg,segmim_bin/segmim_01019.jpg,45
jpg/image_01028.jpg,segmim_bin/segmim_01028.jpg,45
jpg/image_00921.jpg,segmim_bin/segmim_00921.jpg,80
jpg/image_00922.jpg,segmim_bin/segmim_00922.jpg,80
jpg/image_00200.jpg,segmim_bin/segmim_00200.jpg,76
jpg/image_00864.jpg,segmim_bin/segmim_00864.jpg,80
jpg/image_00876.jpg,segmim_bin/segmim_00876.jpg,80
jpg/image_07191.jpg,segmim_bin/segmim_07191.jpg,5
jpg/image_07192.jpg,segmim_bin/segmim_07192.jpg,5
jpg/image_07194.jpg,segmim_bin/segmim_07194.jpg,5
jpg/image_07195.jpg,segmim_bin/segmim_07195.jpg,5
jpg/image_07203.jpg,segmim_bin/segmim_07203.jpg,6
jpg/image_07214.jpg,segmim_bin/segmim_07214.jpg,6
jpg/image_02996.jpg,segmim_bin/segmim_02996.jpg,59
jpg/image_03006.jpg,segmim_bin/segmim_03006.jpg,59
jpg/image_06348.jpg,segmim_bin/segmim_06348.jpg,14
jpg/image_06350.jpg,segmim_bin/segmim_06350.jpg,14
jpg/image_06356.jpg,segmim_bin/segmim_06356.jpg,14
jpg/image_06357.jpg,segmim_bin/segmim_06357.jpg,14
jpg/image_06364.jpg,segmim_bin/segmim_06364.jpg,14
jpg/image_06515.jpg,segmim_bin/segmim_06515.jpg,25
jpg/image_06516.jpg,segmim_bin/segmim_06516.jpg,25
jpg/image_06517.jpg,segmim_bin/segmim_06517.jpg,25
jpg/image_06522.jpg,segmim_bin/segmim_06522.jpg,25
jpg/image_06523.jpg,segmim_bin/segmim_06523.jpg,25
jpg/image_06524.jpg,segmim_bin/segmim_06524.jpg,25
jpg/image_06525.jpg,segmim_bin/segmim_06525.jpg,25
jpg/image_06531.jpg,segmim_bin/segmim_06531.jpg,49
jpg/image_07351.jpg,segmim_bin/segmim_07351.jpg,93
jpg/image_07354.jpg,segmim_bin/segmim_07354.jpg,93
jpg/image_05653.jpg,segmim_bin/segmim_05653.jpg,3
jpg/image_05659.jpg,segmim_bin/segmim_05659.jpg,3
jpg/image_05662.jpg,segmim_bin/segmim_05662.jpg,3
jpg/image_05664.jpg,segmim_bin/segmim_05664.jpg,3
jpg/image_04036.jpg,segmim_bin/segmim_04036.jpg,11
jpg/image_04045.jpg,segmim_bin/segmim_04045.jpg,11
jpg/image_06623.jpg,segmim_bin/segmim_06623.jpg,2
jpg/image_06624.jpg,segmim_bin/segmim_06624.jpg,2
jpg/image_06626.jpg,segmim_bin/segmim_06626.jpg,2
jpg/image_06632.jpg,segmim_bin/segmim_06632.jpg,2
jpg/image_06634.jpg,segmim_bin/segmim_06634.jpg,2
jpg/image_06642.jpg,segmim_bin/segmim_06642.jpg,2
jpg/image_06651.jpg,segmim_bin/segmim_06651.jpg,2
jpg/image_07851.jpg,segmim_bin/segmim_07851.jpg,98
jpg/image_00964.jpg,segmim_bin/segmim_00964.jpg,45
jpg/image_00986.jpg,segmim_bin/segmim_00986.jpg,45
jpg/image_07247.jpg,segmim_bin/segmim_07247.jpg,56
jpg/image_07258.jpg,segmim_bin/segmim_07258.jpg,56
jpg/image_07264.jpg,segmim_bin/segmim_07264.jpg,56
jpg/image_07424.jpg,segmim_bin/segmim_07424.jpg,93
jpg/image_07434.jpg,segmim_bin/segmim_07434.jpg,93
jpg/image_06885.jpg,segmim_bin/segmim_06885.jpg,26
jpg/image_06886.jpg,segmim_bin/segmim_06886.jpg,26
jpg/image_06892.jpg,segmim_bin/segmim_06892.jpg,30
jpg/image_06902.jpg,segmim_bin/segmim_06902.jpg,30
jpg/image_01779.jpg,segmim_bin/segmim_01779.jpg,82
jpg/image_01785.jpg,segmim_bin/segmim_01785.jpg,82
jpg/image_00773.jpg,segmim_bin/segmim_00773.jpg,88
jpg/image_06242.jpg,segmim_bin/segmim_06242.jpg,48
jpg/image_06243.jpg,segmim_bin/segmim_06243.jpg,48
jpg/image_06248.jpg,segmim_bin/segmim_06248.jpg,60
jpg/image_06252.jpg,segmim_bin/segmim_06252.jpg,60
jpg/image_06254.jpg,segmim_bin/segmim_06254.jpg,60
jpg/image_06256.jpg,segmim_bin/segmim_06256.jpg,60
jpg/image_06261.jpg,segmim_bin/segmim_06261.jpg,60
jpg/image_03802.jpg,segmim_bin/segmim_03802.jpg,36
jpg/image_03811.jpg,segmim_bin/segmim_03811.jpg,36
jpg/image_04329.jpg,segmim_bin/segmim_04329.jpg,35
jpg/image_04333.jpg,segmim_bin/segmim_04333.jpg,35
jpg/image_04338.jpg,segmim_bin/segmim_04338.jpg,35
jpg/image_04341.jpg,segmim_bin/segmim_04341.jpg,35
jpg/image_04347.jpg,segmim_bin/segmim_04347.jpg,35
jpg/image_01270.jpg,segmim_bin/segmim_01270.jpg,73
jpg/image_01285.jpg,segmim_bin/segmim_01285.jpg,73
jpg/image_01295.jpg,segmim_bin/segmim_01295.jpg,73
jpg/image_02340.jpg,segmim_bin/segmim_02340.jpg,42
jpg/image_02353.jpg,segmim_bin/segmim_02353.jpg,42
jpg/image_06404.jpg,segmim_bin/segmim_06404.jpg,8
jpg/image_06408.jpg,segmim_bin/segmim_06408.jpg,8
jpg/image_06415.jpg,segmim_bin/segmim_06415.jpg,8
jpg/image_06420.jpg,segmim_bin/segmim_06420.jpg,8
jpg/image_06423.jpg,segmim_bin/segmim_06423.jpg,8
jpg/image_06424.jpg,segmim_bin/segmim_06424.jpg,8
jpg/image_03761.jpg,segmim_bin/segmim_03761.jpg,36
jpg/image_02684.jpg,segmim_bin/segmim_02684.jpg,57
jpg/image_02688.jpg,segmim_bin/segmim_02688.jpg,57
jpg/image_02689.jpg,segmim_bin/segmim_02689.jpg,57
jpg/image_02706.jpg,segmim_bin/segmim_02706.jpg,57
jpg/image_07136.jpg,segmim_bin/segmim_07136.jpg,44
jpg/image_07140.jpg,segmim_bin/segmim_07140.jpg,44
jpg/image_07142.jpg,segmim_bin/segmim_07142.jpg,44
jpg/image_07144.jpg,segmim_bin/segmim_07144.jpg,44
jpg/image_07153.jpg,segmim_bin/segmim_07153.jpg,44
jpg/image_07156.jpg,segmim_bin/segmim_07156.jpg,44
jpg/image_03117.jpg,segmim_bin/segmim_03117.jpg,10
jpg/image_03119.jpg,segmim_bin/segmim_03119.jpg,10
jpg/image_03548.jpg,segmim_bin/segmim_03548.jpg,71
jpg/image_03555.jpg,segmim_bin/segmim_03555.jpg,71
jpg/image_05142.jpg,segmim_bin/segmim_05142.jpg,1
jpg/image_05145.jpg,segmim_bin/segmim_05145.jpg,1
jpg/image_05146.jpg,segmim_bin/segmim_05146.jpg,1
jpg/image_05161.jpg,segmim_bin/segmim_05161.jpg,4
jpg/image_07587.jpg,segmim_bin/segmim_07587.jpg,94
jpg/image_07599.jpg,segmim_bin/segmim_07599.jpg,95
jpg/image_07600.jpg,segmim_bin/segmim_07600.jpg,95
jpg/image_04458.jpg,segmim_bin/segmim_04458.jpg,89
jpg/image_04464.jpg,segmim_bin/segmim_04464.jpg,89
jpg/image_04475.jpg,segmim_bin/segmim_04475.jpg,89
jpg/image_00803.jpg,segmim_bin/segmim_00803.jpg,80
jpg/image_00375.jpg,segmim_bin/segmim_00375.jpg,72
jpg/image_00380.jpg,segmim_bin/segmim_00380.jpg,72
jpg/image_00383.jpg,segmim_bin/segmim_00383.jpg,72
jpg/image_06574.jpg,segmim_bin/segmim_06574.jpg,24
jpg/image_06576.jpg,segmim_bin/segmim_06576.jpg,24
jpg/image_06578.jpg,segmim_bin/segmim_06578.jpg,24
jpg/image_06582.jpg,segmim_bin/segmim_06582.jpg,24
jpg/image_06587.jpg,segmim_bin/segmim_06587.jpg,24
jpg/image_06590.jpg,segmim_bin/segmim_06590.jpg,24
jpg/image_06592.jpg,segmim_bin/segmim_06592.jpg,24
jpg/image_06593.jpg,segmim_bin/segmim_06593.jpg,24
jpg/image_05916.jpg,segmim_bin/segmim_05916.jpg,67
jpg/image_05918.jpg,segmim_bin/segmim_05918.jpg,67
jpg/image_05922.jpg,segmim_bin/segmim_05922.jpg,67
jpg/image_05925.jpg,segmim_bin/segmim_05925.jpg,67
jpg/image_02445.jpg,segmim_bin/segmim_02445.jpg,42
jpg/image_06189.jpg,segmim_bin/segmim_06189.jpg,18
jpg/image_06192.jpg,segmim_bin/segmim_06192.jpg,18
jpg/image_06206.jpg,segmim_bin/segmim_06206.jpg,48
jpg/image_06652.jpg,segmim_bin/segmim_06652.jpg,15
jpg/image_06766.jpg,segmim_bin/segmim_06766.jpg,0
jpg/image_06878.jpg,segmim_bin/segmim_06878.jpg,26
jpg/image_07058.jpg,segmim_bin/segmim_07058.jpg,66
jpg/image_07080.jpg,segmim_bin/segmim_07080.jpg,66
jpg/image_07135.jpg,segmim_bin/segmim_07135.jpg,44
jpg/image_08048.jpg,segmim_bin/segmim_08048.jpg,23
jpg/image_08051.jpg,segmim_bin/segmim_08051.jpg,23
jpg/image_08056.jpg,segmim_bin/segmim_08056.jpg,90
jpg/image_08057.jpg,segmim_bin/segmim_08057.jpg,90
jpg/image_08063.jpg,segmim_bin/segmim_08063.jpg,98
jpg/image_08064.jpg,segmim_bin/segmim_08064.jpg,98
jpg/image_08065.jpg,segmim_bin/segmim_08065.jpg,30
jpg/image_08074.jpg,segmim_bin/segmim_08074.jpg,30
jpg/image_08075.jpg,segmim_bin/segmim_08075.jpg,30
jpg/image_05046.jpg,segmim_bin/segmim_05046.jpg,58
jpg/image_05062.jpg,segmim_bin/segmim_05062.jpg,58
jpg/image_05066.jpg,segmim_bin/segmim_05066.jpg,58
jpg/image_01831.jpg,segmim_bin/segmim_01831.jpg,77
jpg/image_01832.jpg,segmim_bin/segmim_01832.jpg,77
jpg/image_02828.jpg,segmim_bin/segmim_02828.jpg,55
jpg/image_02832.jpg,segmim_bin/segmim_02832.jpg,55
jpg/image_04586.jpg,segmim_bin/segmim_04586.jpg,39
jpg/image_04605.jpg,segmim_bin/segmim_04605.jpg,39
jpg/image_05097.jpg,segmim_bin/segmim_05097.jpg,1
jpg/image_05106.jpg,segmim_bin/segmim_05106.jpg,1
jpg/image_05108.jpg,segmim_bin/segmim_05108.jpg,1
jpg/image_05115.jpg,segmim_bin/segmim_05115.jpg,1
jpg/image_02770.jpg,segmim_bin/segmim_02770.jpg,55
jpg/image_02776.jpg,segmim_bin/segmim_02776.jpg,55
jpg/image_02779.jpg,segmim_bin/segmim_02779.jpg,55
jpg/image_04676.jpg,segmim_bin/segmim_04676.jpg,47
jpg/image_04683.jpg,segmim_bin/segmim_04683.jpg,47
jpg/image_04689.jpg,segmim_bin/segmim_04689.jpg,47
jpg/image_04690.jpg,segmim_bin/segmim_04690.jpg,47
jpg/image_04694.jpg,segmim_bin/segmim_04694.jpg,47
jpg/image_03345.jpg,segmim_bin/segmim_03345.jpg,7
jpg/image_03356.jpg,segmim_bin/segmim_03356.jpg,7
jpg/image_03360.jpg,segmim_bin/segmim_03360.jpg,7
jpg/image_03362.jpg,segmim_bin/segmim_03362.jpg,7
jpg/image_05560.jpg,segmim_bin/segmim_05560.jpg,65
jpg/image_05563.jpg,segmim_bin/segmim_05563.jpg,65
jpg/image_05564.jpg,segmim_bin/segmim_05564.jpg,65
jpg/image_05567.jpg,segmim_bin/segmim_05567.jpg,65
jpg/image_05571.jpg,segmim_bin/segmim_05571.jpg,65
jpg/image_01500.jpg,segmim_bin/segmim_01500.jpg,43
jpg/image_00717.jpg,segmim_bin/segmim_00717.jpg,88
jpg/image_06972.jpg,segmim_bin/segmim_06972.jpg,34
jpg/image_06973.jpg,segmim_bin/segmim_06973.jpg,34
jpg/image_06979.jpg,segmim_bin/segmim_06979.jpg,34
jpg/image_06980.jpg,segmim_bin/segmim_06980.jpg,34
jpg/image_06982.jpg,segmim_bin/segmim_06982.jpg,34
jpg/image_06989.jpg,segmim_bin/segmim_06989.jpg,34
jpg/image_06994.jpg,segmim_bin/segmim_06994.jpg,34
jpg/image_04645.jpg,segmim_bin/segmim_04645.jpg,47
jpg/image_05472.jpg,segmim_bin/segmim_05472.jpg,86
jpg/image_05475.jpg,segmim_bin/segmim_05475.jpg,86
jpg/image_05479.jpg,segmim_bin/segmim_05479.jpg,86
jpg/image_05484.jpg,segmim_bin/segmim_05484.jpg,86
jpg/image_05485.jpg,segmim_bin/segmim_05485.jpg,86
jpg/image_05491.jpg,segmim_bin/segmim_05491.jpg,86
jpg/image_00534.jpg,segmim_bin/segmim_00534.jpg,87
jpg/image_00535.jpg,segmim_bin/segmim_00535.jpg,87
jpg/image_00079.jpg,segmim_bin/segmim_00079.jpg,76
jpg/image_05367.jpg,segmim_bin/segmim_05367.jpg,21
jpg/image_05369.jpg,segmim_bin/segmim_05369.jpg,21
jpg/image_05374.jpg,segmim_bin/segmim_05374.jpg,21
jpg/image_05379.jpg,segmim_bin/segmim_05379.jpg,21
jpg/image_06292.jpg,segmim_bin/segmim_06292.jpg,60
jpg/image_06308.jpg,segmim_bin/segmim_06308.jpg,49
jpg/image_06310.jpg,segmim_bin/segmim_06310.jpg,49
jpg/image_02507.jpg,segmim_bin/segmim_02507.jpg,75
jpg/image_02939.jpg,segmim_bin/segmim_02939.jpg,59
jpg/image_08004.jpg,segmim_bin/segmim_08004.jpg,101
jpg/image_08007.jpg,segmim_bin/segmim_08007.jpg,101
jpg/image_08013.jpg,segmim_bin/segmim_08013.jpg,101
jpg/image_08018.jpg,segmim_bin/segmim_08018.jpg,101
jpg/image_08024.jpg,segmim_bin/segmim_08024.jpg,101
jpg/image_06681.jpg,segmim_bin/segmim_06681.jpg,15
jpg/image_06688.jpg,segmim_bin/segmim_06688.jpg,15
jpg/image_06689.jpg,segmim_bin/segmim_06689.jpg,15
jpg/image_06690.jpg,segmim_bin/segmim_06690.jpg,15
jpg/image_06692.jpg,segmim_bin/segmim_06692.jpg,15
jpg/image_06693.jpg,segmim_bin/segmim_06693.jpg,78
jpg/image_05000.jpg,segmim_bin/segmim_05000.jpg,46
jpg/image_05004.jpg,segmim_bin/segmim_05004.jpg,46
jpg/image_05010.jpg,segmim_bin/segmim_05010.jpg,46
jpg/image_05015.jpg,segmim_bin/segmim_05015.jpg,46
jpg/image_07790.jpg,segmim_bin/segmim_07790.jpg,97
jpg/image_07797.jpg,segmim_bin/segmim_07797.jpg,97
jpg/image_07802.jpg,segmim_bin/segmim_07802.jpg,97
jpg/image_07803.jpg,segmim_bin/segmim_07803.jpg,97
jpg/image_07862.jpg,segmim_bin/segmim_07862.jpg,98
jpg/image_07963.jpg,segmim_bin/segmim_07963.jpg,100
jpg/image_08003.jpg,segmim_bin/segmim_08003.jpg,101
jpg/image_08076.jpg,segmim_bin/segmim_08076.jpg,30
jpg/image_08135.jpg,segmim_bin/segmim_08135.jpg,56
jpg/image_08165.jpg,segmim_bin/segmim_08165.jpg,61
jpg/image_00028.jpg,segmim_bin/segmim_00028.jpg,76
jpg/image_00036.jpg,segmim_bin/segmim_00036.jpg,76
jpg/image_04507.jpg,segmim_bin/segmim_04507.jpg,70
jpg/image_04518.jpg,segmim_bin/segmim_04518.jpg,70
jpg/image_04523.jpg,segmim_bin/segmim_04523.jpg,70
jpg/image_04524.jpg,segmim_bin/segmim_04524.jpg,70
jpg/image_05699.jpg,segmim_bin/segmim_05699.jpg,41
jpg/image_05718.jpg,segmim_bin/segmim_05718.jpg,41
jpg/image_05721.jpg,segmim_bin/segmim_05721.jpg,41
jpg/image_05590.jpg,segmim_bin/segmim_05590.jpg,31
jpg/image_05640.jpg,segmim_bin/segmim_05640.jpg,3
jpg/image_05740.jpg,segmim_bin/segmim_05740.jpg,41
jpg/image_05789.jpg,segmim_bin/segmim_05789.jpg,12
jpg/image_04860.jpg,segmim_bin/segmim_04860.jpg,90
jpg/image_04703.jpg,segmim_bin/segmim_04703.jpg,54
jpg/image_04772.jpg,segmim_bin/segmim_04772.jpg,84
jpg/image_04806.jpg,segmim_bin/segmim_04806.jpg,84
jpg/image_04925.jpg,segmim_bin/segmim_04925.jpg,19
jpg/image_04968.jpg,segmim_bin/segmim_04968.jpg,46
jpg/image_03597.jpg,segmim_bin/segmim_03597.jpg,71
jpg/image_05595.jpg,segmim_bin/segmim_05595.jpg,31
jpg/image_05599.jpg,segmim_bin/segmim_05599.jpg,31
jpg/image_05601.jpg,segmim_bin/segmim_05601.jpg,31
jpg/image_05609.jpg,segmim_bin/segmim_05609.jpg,31
jpg/image_01613.jpg,segmim_bin/segmim_01613.jpg,81
jpg/image_01821.jpg,segmim_bin/segmim_01821.jpg,82
jpg/image_07082.jpg,segmim_bin/segmim_07082.jpg,66
jpg/image_07087.jpg,segmim_bin/segmim_07087.jpg,9
jpg/image_07096.jpg,segmim_bin/segmim_07096.jpg,9
jpg/image_07098.jpg,segmim_bin/segmim_07098.jpg,9
jpg/image_04152.jpg,segmim_bin/segmim_04152.jpg,28
jpg/image_04167.jpg,segmim_bin/segmim_04167.jpg,51
jpg/image_02863.jpg,segmim_bin/segmim_02863.jpg,85
jpg/image_02866.jpg,segmim_bin/segmim_02866.jpg,85
jpg/image_02876.jpg,segmim_bin/segmim_02876.jpg,85
jpg/image_02879.jpg,segmim_bin/segmim_02879.jpg,85
jpg/image_02880.jpg,segmim_bin/segmim_02880.jpg,85
jpg/image_02386.jpg,segmim_bin/segmim_02386.jpg,42
jpg/image_00487.jpg,segmim_bin/segmim_00487.jpg,87
jpg/image_00501.jpg,segmim_bin/segmim_00501.jpg,87
jpg/image_07924.jpg,segmim_bin/segmim_07924.jpg,99
jpg/image_07930.jpg,segmim_bin/segmim_07930.jpg,99
jpg/image_07934.jpg,segmim_bin/segmim_07934.jpg,99
jpg/image_07941.jpg,segmim_bin/segmim_07941.jpg,99
jpg/image_07942.jpg,segmim_bin/segmim_07942.jpg,100
jpg/image_07741.jpg,segmim_bin/segmim_07741.jpg,96
jpg/image_07742.jpg,segmim_bin/segmim_07742.jpg,96
jpg/image_07748.jpg,segmim_bin/segmim_07748.jpg,96
jpg/image_07762.jpg,segmim_bin/segmim_07762.jpg,97
jpg/image_03873.jpg,segmim_bin/segmim_03873.jpg,16
jpg/image_03875.jpg,segmim_bin/segmim_03875.jpg,16
jpg/image_03848.jpg,segmim_bin/segmim_03848.jpg,16
jpg/image_03887.jpg,segmim_bin/segmim_03887.jpg,16
jpg/image_06922.jpg,segmim_bin/segmim_06922.jpg,30
jpg/image_06931.jpg,segmim_bin/segmim_06931.jpg,33
jpg/image_06936.jpg,segmim_bin/segmim_06936.jpg,33
jpg/image_06940.jpg,segmim_bin/segmim_06940.jpg,33
jpg/image_06941.jpg,segmim_bin/segmim_06941.jpg,33
jpg/image_04757.jpg,segmim_bin/segmim_04757.jpg,54
jpg/image_04758.jpg,segmim_bin/segmim_04758.jpg,54
jpg/image_04770.jpg,segmim_bin/segmim_04770.jpg,84
jpg/image_04771.jpg,segmim_bin/segmim_04771.jpg,84
jpg/image_02519.jpg,segmim_bin/segmim_02519.jpg,75
jpg/image_02521.jpg,segmim_bin/segmim_02521.jpg,75
jpg/image_02523.jpg,segmim_bin/segmim_02523.jpg,75
jpg/image_00664.jpg,segmim_bin/segmim_00664.jpg,88
jpg/image_00666.jpg,segmim_bin/segmim_00666.jpg,88
jpg/image_00667.jpg,segmim_bin/segmim_00667.jpg,88
jpg/image_00668.jpg,segmim_bin/segmim_00668.jpg,88
jpg/image_00672.jpg,segmim_bin/segmim_00672.jpg,88
jpg/image_01987.jpg,segmim_bin/segmim_01987.jpg,79
jpg/image_01990.jpg,segmim_bin/segmim_01990.jpg,79
jpg/image_01997.jpg,segmim_bin/segmim_01997.jpg,79
jpg/image_02003.jpg,segmim_bin/segmim_02003.jpg,79
jpg/image_02075.jpg,segmim_bin/segmim_02075.jpg,74
jpg/image_02080.jpg,segmim_bin/segmim_02080.jpg,74
jpg/image_02081.jpg,segmim_bin/segmim_02081.jpg,74
jpg/image_02087.jpg,segmim_bin/segmim_02087.jpg,74
jpg/image_03424.jpg,segmim_bin/segmim_03424.jpg,22
jpg/image_03427.jpg,segmim_bin/segmim_03427.jpg,22
jpg/image_01317.jpg,segmim_bin/segmim_01317.jpg,50
jpg/image_01324.jpg,segmim_bin/segmim_01324.jpg,50
jpg/image_03034.jpg,segmim_bin/segmim_03034.jpg,91
jpg/image_03038.jpg,segmim_bin/segmim_03038.jpg,91
jpg/image_03046.jpg,segmim_bin/segmim_03046.jpg,91
jpg/image_03050.jpg,segmim_bin/segmim_03050.jpg,91
jpg/image_03051.jpg,segmim_bin/segmim_03051.jpg,91
jpg/image_04904.jpg,segmim_bin/segmim_04904.jpg,19
jpg/image_04916.jpg,segmim_bin/segmim_04916.jpg,19
jpg/image_04919.jpg,segmim_bin/segmim_04919.jpg,19
jpg/image_04923.jpg,segmim_bin/segmim_04923.jpg,19
jpg/image_04224.jpg,segmim_bin/segmim_04224.jpg,51
jpg/image_04234.jpg,segmim_bin/segmim_04234.jpg,51
jpg/image_04236.jpg,segmim_bin/segmim_04236.jpg,51
jpg/image_04238.jpg,segmim_bin/segmim_04238.jpg,51
jpg/image_04241.jpg,segmim_bin/segmim_04241.jpg,51
jpg/image_04244.jpg,segmim_bin/segmim_04244.jpg,17
jpg/image_05746.jpg,segmim_bin/segmim_05746.jpg,12
jpg/image_05752.jpg,segmim_bin/segmim_05752.jpg,12
jpg/image_05753.jpg,segmim_bin/segmim_05753.jpg,12
jpg/image_05755.jpg,segmim_bin/segmim_05755.jpg,12
jpg/image_05762.jpg,segmim_bin/segmim_05762.jpg,12
jpg/image_01539.jpg,segmim_bin/segmim_01539.jpg,43
jpg/image_01545.jpg,segmim_bin/segmim_01545.jpg,43
jpg/image_01552.jpg,segmim_bin/segmim_01552.jpg,43
jpg/image_03164.jpg,segmim_bin/segmim_03164.jpg,10
jpg/image_03165.jpg,segmim_bin/segmim_03165.jpg,10
jpg/image_03181.jpg,segmim_bin/segmim_03181.jpg,10
jpg/image_05983.jpg,segmim_bin/segmim_05983.jpg,68
jpg/image_05986.jpg,segmim_bin/segmim_05986.jpg,68
jpg/image_05994.jpg,segmim_bin/segmim_05994.jpg,68
jpg/image_01918.jpg,segmim_bin/segmim_01918.jpg,77
jpg/image_01923.jpg,segmim_bin/segmim_01923.jpg,77
jpg/image_04418.jpg,segmim_bin/segmim_04418.jpg,89
jpg/image_02125.jpg,segmim_bin/segmim_02125.jpg,74
jpg/image_05866.jpg,segmim_bin/segmim_05866.jpg,62
jpg/image_05874.jpg,segmim_bin/segmim_05874.jpg,62
jpg/image_05876.jpg,segmim_bin/segmim_05876.jpg,62
jpg/image_05881.jpg,segmim_bin/segmim_05881.jpg,62
jpg/image_07967.jpg,segmim_bin/segmim_07967.jpg,100
jpg/image_07972.jpg,segmim_bin/segmim_07972.jpg,100
jpg/image_07974.jpg,segmim_bin/segmim_07974.jpg,100
jpg/image_02944.jpg,segmim_bin/segmim_02944.jpg,59
jpg/image_02945.jpg,segmim_bin/segmim_02945.jpg,59
jpg/image_02949.jpg,segmim_bin/segmim_02949.jpg,59
jpg/image_07891.jpg,segmim_bin/segmim_07891.jpg,98
jpg/image_07900.jpg,segmim_bin/segmim_07900.jpg,99
jpg/image_03237.jpg,segmim_bin/segmim_03237.jpg,64
jpg/image_06075.jpg,segmim_bin/segmim_06075.jpg,13
jpg/image_06083.jpg,segmim_bin/segmim_06083.jpg,13
jpg/image_06087.jpg,segmim_bin/segmim_06087.jpg,13
jpg/image_06092.jpg,segmim_bin/segmim_06092.jpg,13
jpg/image_02257.jpg,segmim_bin/segmim_02257.jpg,40
jpg/image_07706.jpg,segmim_bin/segmim_07706.jpg,96
jpg/image_07707.jpg,segmim_bin/segmim_07707.jpg,96
jpg/image_07708.jpg,segmim_bin/segmim_07708.jpg,96
jpg/image_07709.jpg,segmim_bin/segmim_07709.jpg,96
jpg/image_07710.jpg,segmim_bin/segmim_07710.jpg,96
jpg/image_07711.jpg,segmim_bin/segmim_07711.jpg,96
jpg/image_02901.jpg,segmim_bin/segmim_02901.jpg,85
jpg/image_02911.jpg,segmim_bin/segmim_02911.jpg,85
jpg/image_02916.jpg,segmim_bin/segmim_02916.jpg,85
jpg/image_04554.jpg,segmim_bin/segmim_04554.jpg,70
jpg/image_04558.jpg,segmim_bin/segmim_04558.jpg,39
jpg/image_07546.jpg,segmim_bin/segmim_07546.jpg,94
jpg/image_07549.jpg,segmim_bin/segmim_07549.jpg,94
jpg/image_01455.jpg,segmim_bin/segmim_01455.jpg,50
jpg/image_01456.jpg,segmim_bin/segmim_01456.jpg,50
jpg/image_03302.jpg,segmim_bin/segmim_03302.jpg,7
jpg/image_03313.jpg,segmim_bin/segmim_03313.jpg,7
jpg/image_03315.jpg,segmim_bin/segmim_03315.jpg,7
jpg/image_04123.jpg,segmim_bin/segmim_04123.jpg,28
jpg/image_07290.jpg,segmim_bin/segmim_07290.jpg,36
jpg/image_07294.jpg,segmim_bin/segmim_07294.jpg,36
jpg/image_07300.jpg,segmim_bin/segmim_07300.jpg,89
jpg/image_06118.jpg,segmim_bin/segmim_06118.jpg,63
jpg/image_06119.jpg,segmim_bin/segmim_06119.jpg,63
jpg/image_06122.jpg,segmim_bin/segmim_06122.jpg,63
jpg/image_06127.jpg,segmim_bin/segmim_06127.jpg,63
jpg/image_06129.jpg,segmim_bin/segmim_06129.jpg,63
jpg/image_06714.jpg,segmim_bin/segmim_06714.jpg,78
jpg/image_06715.jpg,segmim_bin/segmim_06715.jpg,78
jpg/image_06717.jpg,segmim_bin/segmim_06717.jpg,78
jpg/image_00144.jpg,segmim_bin/segmim_00144.jpg,76
jpg/image_01142.jpg,segmim_bin/segmim_01142.jpg,45
jpg/image_06788.jpg,segmim_bin/segmim_06788.jpg,20
jpg/image_06794.jpg,segmim_bin/segmim_06794.jpg,20
jpg/image_06797.jpg,segmim_bin/segmim_06797.jpg,20
jpg/image_06798.jpg,segmim_bin/segmim_06798.jpg,20
jpg/image_06799.jpg,segmim_bin/segmim_06799.jpg,20
jpg/image_06800.jpg,segmim_bin/segmim_06800.jpg,20
jpg/image_03637.jpg,segmim_bin/segmim_03637.jpg,71
jpg/image_03505.jpg,segmim_bin/segmim_03505.jpg,29
jpg/image_02471.jpg,segmim_bin/segmim_02471.jpg,75
jpg/image_02475.jpg,segmim_bin/segmim_02475.jpg,75
jpg/image_02485.jpg,segmim_bin/segmim_02485.jpg,75
jpg/image_05240.jpg,segmim_bin/segmim_05240.jpg,27
jpg/image_05243.jpg,segmim_bin/segmim_05243.jpg,27
